Crossing %,Reversal %,"LPIPS(Original, Edited)","LPIPS(Original, Reversed)","SSIM(Original, Edited)","SSIM(Original, Reversed)"
96.37614678899082,99.9770642201835,0.3749731956306127,0.00012256340130721967,0.6415145576139023,0.9997339498199121
